eno,ename,eadd,salary
16,Boris,Brooklyn,40339
614,Walden,Vanáton,73328
228,Fionna,Santa Helena,33213
545,Eba,Yezhi,44136
675,Abeu,Talu,93809
957,Cheston,Dorowa Mining Lease,35501
971,Adriano,Alcaria,96588
679,Ringo,Las Flores,13363
958,Dar,Wugong,29023
990,Tally,Makanya,71234
364,Gayleen,Camilaca,20006
344,Alix,eMbalenhle,35013
778,Hetti,Golovinskiy,95073
10,Adore,Salinungan Proper,69408
207,Orran,Sungaibengkal,55321
274,Amitie,Kabba,93863
899,Flor,Panadtaban,55168
780,Annabell,Sūrāb,97615
151,Barron,Kommunisticheskiy,25895
27,Tabbatha,Eskilstuna,85493
998,Cyril,Sabugal,42931
166,Daveta,Cirateun,44524
39,Kinny,Orlovskiy,85763
491,Berke,Pinagsibaan,96908
710,Denney,Pākpattan,34321
485,Vic,Gedera,42765
484,Rafaela,Petropavlovka,33315
193,Kylynn,Setro,48575
298,Roseann,Hostivice,47681
301,Lurleen,São Miguel do Iguaçu,49378
652,Leonie,Kými,38879
709,Vickie,Shtip,80909
358,Morgun,Lizhuang,71272
300,Katherine,Huwan,52813
975,Tamar,Lešná,45006
796,Sabine,Carpiquet,67734
933,Margarethe,Villa Nueva,73870
8,Guy,Bayan,21247
917,Peter,Querobamba,98164
926,Willa,Las Matas de Santa Cruz,92146
404,Crin,Chłapowo,15451
532,Frederick,Campaka,93451
394,Davy,Bairro do Margaça,16878
319,Kelsey,Mehron,22593
311,Kimberlyn,Acton Vale,65120
390,Stepha,Dallas,63906
208,Nancie,Zaandam,88258
619,Hagen,Guangyi,63630
869,Valma,Paucarcolla,14321
986,Nesta,Geser,45364
906,Paula,Tulungagung,83694
926,Archambault,Xiaozhen,18527
571,Luca,Luxi,22278
819,Sophi,Ostrogozhsk,81268
714,Elspeth,Jasienica,18449
966,Delmor,Feondari,51686
812,Ax,Goght’,65051
357,Jude,Bucheon-si,79419
965,Dawna,Picoto,96427
950,Magdaia,Galitsy,20937
846,Torrie,Sirre,62277
152,Zola,Satipo,45090
860,Murdock,Nantes,97735
731,Silva,Acopampa,62924
874,Paul,Ransang,55181
837,Granville,Colca,79130
391,Abran,Chengnan,23909
173,Tiffy,Saint Paul,96648
820,Bobbye,Wangtai,99726
884,Tamera,Wangqu,43925
699,Egan,Changle,30600
518,Julieta,Mancha Khiri,11778
676,Hernando,Bergen,64761
702,Suzanne,Além do Rio,93011
680,Collin,Rueil-Malmaison,94865
653,Hailee,Lazaro Cardenas,45591
879,Hasheem,Qŭrghontepa,92290
551,Halie,Jiangkou,66621
988,Stephana,Gilin,30115
60,Norah,Huertas,21266
851,Ximenez,Lubukalung,43820
730,Derek,Thị Trấn Thọ Xuân,29345
48,Berne,Zhuanqiang,62828
917,Sada,Pawak,12749
139,Michel,Saraburi,30639
277,Lethia,Viçosa,47727
279,Corty,Tánh Linh,55450
608,Fabian,Trompsburg,20739
577,Thorn,Ad Dabbah,31542
515,Franni,Zelenoborskiy,13216
443,Wendall,Passo Fundo,67982
61,Krystyna,Maha Sarakham,63837
807,Tabbie,Jakobstad,41874
512,Sonny,Jiaoxiyakou,67769
967,Lindon,Shagedu,45546
814,Sheppard,Saint Augustine,45668
5,Damaris,Dogarmo,53171
451,Bonnee,Tugu,62728
146,Tina,Genting,69200
530,Dalila,Lekas,42569
756,Robinett,Forshaga,60142
42,Marylynne,Demerval Lobão,73019
335,Paquito,Kepuh,95787
269,Corina,Klobuky,71220
765,Linc,Glagahdowo,35775
680,Cher,Daxing,77977
521,Alard,Qvareli,15958
875,Sherlocke,Phúc Yên,86923
940,Temp,Malie,86506
720,Janie,Lampang,20063
201,Libby,Corujeira,97508
42,Norman,Kujama,86914
617,Berti,Torres,43919
620,Jon,Sezemice,82019
608,Karry,El Plan,18266
828,Hephzibah,Muzaffargarh,34354
898,Dareen,Võhma,59001
639,Warde,Mundybash,43981
267,Callie,Cai Doi Vam,97269
685,Leonanie,Karlstad,45956
561,Raymund,Le Perreux-sur-Marne,74296
412,Roddy,Vera Cruz,68705
114,Vasilis,Megáli Khóra,30515
459,Jordanna,Putrajaya,45262
10,Ellswerth,Bantawora,91763
673,Marcelline,Simnas,86462
334,Clarisse,Jinsha,63879
258,Fannie,Yacheng,71268
971,Sarajane,Pamyat’ Parizhskoy Kommuny,30809
383,Tracie,Löddeköpinge,72013
828,Charmane,Tambakmerak,12807
215,Livia,Pueblo,61358
382,Romy,Duowa,17429
239,Rebeca,Poříčí nad Sázavou,37417
195,Karrie,Norakert,11502
40,Lexine,Hitachi-Naka,18956
739,Ossie,Abéché,76100
847,Gearalt,Tshela,64346
261,Eziechiele,Giồng Riềng,57833
972,Gina,Hoopstad,61406
526,Jobey,Tyarlevo,45583
919,Hughie,Duwaktenggi,66671
491,Elianora,Yaozhuang,26166
900,Henry,Zudun,18386
907,Clementina,Slavonice,44493
769,Kendell,Shu,11292
642,Garrard,Neiba,99787
568,Lucienne,Bhadrapur,82996
823,Hashim,Grigoropolisskaya,33481
946,Kim,Zeqin,51199
647,Staford,Fucha,60922
512,Ryan,Osiek nad Notecią,13750
499,Ingunna,Dabaozi,84633
231,Clarance,Brasília de Minas,24256
318,Silvia,Terangun,87597
521,Robyn,Kanáli,38044
98,Hilliard,Leticia,84764
117,Eunice,Zhangjiawan,29481
653,Pren,Ushi,39063
365,Bronson,Kashiwa,34034
843,Eloisa,Bator,94863
63,Damien,Woja,92780
275,Ajay,Palestina,10591
781,Adrianne,Hotaka,98716
216,Kirsteni,Duri,31314
610,Angus,Promissão,82361
24,Willow,Águas de Lindóia,99484
516,Mariann,Liupai,35074
133,Mignon,Selebi-Phikwe,78599
107,Arlyn,Jiangkou,46529
5,Jill,Jiantian,24268
260,Tedd,Kadusirung Hilir,75260
178,Kate,Pereira Barreto,31096
350,Ichabod,Bambari,97397
387,Christye,Pahing Pamulihan,46800
711,Ellerey,Tan Sum,30260
951,Laurent,Ust’-Katav,84354
326,Alard,Huacaschuque,36613
138,Terza,Lanckorona,45844
852,Tobit,Hele,65412
632,Marcia,Hor,92105
244,Randie,Wojsławice,99819
847,Welby,Haixing,92461
681,Lewiss,Strunino,73366
347,Panchito,Taloko,51179
71,Dicky,Mała Wieś,49770
937,Ricard,Waiwukak,38405
163,Jan,Abbeville,49919
381,Moishe,Tagakpan,91619
641,Giulio,Zhuyu,16354
496,Sargent,Thị Trấn Việt Lâm,22266
260,Rowan,Tsarychanka,61832
454,Billy,Şalākhid,65707
33,Nealon,Niimi,52286
820,Blanche,Cincinnati,60479
545,Mariana,Fada N'gourma,48543
521,Sibyl,Rushanzhai,34509
359,Lawton,Vacha,55093
791,Brier,Natividade,80888
555,Ogdan,Maia,68676
668,Ariella,Álvares Machado,75810
85,Christan,Kampungtengah,45516
897,Sidonia,Abucay,75753
336,Silvain,Macha,46999
732,Reynard,Orsha,40940
382,Zenia,Lavaltrie,63171
2,Horatio,Shimeitang,52024
219,Bethany,Ruangwa,13567
360,Dorelle,Oslo,16823
249,Andrus,Pishaj,64395
328,Garner,Sidonganti,12189
791,Brook,Xinzheng,16480
238,Jsandye,Fuji,41585
352,Willyt,Inda Silasē,71969
366,Germain,Sainte-Martine,74488
158,Rebecka,Buenavista,14631
132,Isacco,Santa Cruz,58488
878,Regan,Nggambel,59564
122,Mordy,Breia,56652
266,Ulrikaumeko,Naudero,77801
396,Bobbye,Mardakyany,89936
459,Raddy,Phnom Penh,87541
586,Brett,Ängelholm,24448
983,Vina,Lypnyazhka,51548
543,Lanie,Cheremnoye,51149
590,Cordelia,Shabo,14619
264,Franky,Yangjian,13270
845,Rosalie,Or Yehuda,21934
121,Myra,Darenzhuang,49464
294,Mycah,Rio Grande,25181
339,Brynna,Xushan,36940
458,Nettie,Lingqian,16690
128,Gussy,New-Richmond,30158
909,Horten,Anserma,12639
835,Lionello,Stockholm,15079
33,Erma,Francisco Morato,14838
908,Nevins,Cibeureum Satu,95259
381,Karita,Alcaldedíaz,87139
801,Selma,Looc,38427
120,Deb,Revava,61967
987,Matthus,Brongkalan,37535
978,Ferris,Ziroudani,73223
12,Monica,Linjiang,65999
779,Kylynn,Binangun,43650
314,Allison,Cherven Bryag,73084
230,Pat,Xintian,78543
32,Miranda,Mīrpur Māthelo,98703
224,Ara,Nezhinka,26161
184,Pavel,Rizári,47412
254,Mindy,Gradačac,64236
366,Nester,San Isidro,57882
316,Tish,Dibulla,47025
6,Connie,Aba,82271
215,Rebecka,Banjar Serangan,71270
742,Oswald,Toulouse,91353
6,Elga,Jingdang,36596
814,Jessalyn,Habartov,29175
105,Galvan,Calapan,39538
969,Cesya,Sudzha,15936
631,Curcio,Al Marj,93729
624,Christoffer,Kawanishi,39678
460,Rennie,Gnieżdżewo,91100
917,Karlan,Lokuuy,85562
476,Zabrina,Qiashui,51345
830,Diane,Xiayang,12790
931,Lauryn,Palpalá,84394
186,Dallis,Yangchao,75097
42,Fergus,Shangping,53778
55,Burnard,Āsbe Teferī,78365
876,Rochell,Olenegorsk,12060
879,Agnella,Jiantou,97842
167,Cyndy,Baykit,34623
564,Zachary,Huangtudian,20654
709,Gayle,Kafue,45988
930,Pier,Baizhang,23612
637,Ellene,Port-à-Piment,77701
39,Wiatt,Hasan,58042
777,Kellina,Esmeralda,57629
84,Damara,Alfena,37396
790,Jessee,Vasyshcheve,15092
5,Valentia,Heping,52840
397,Lenci,Chaoyang,58989
5,Jocelyn,Cheremshan,12877
489,Anallese,Akhfennir,75937
370,Rodney,Bandarlampung,75227
349,Henrie,Tadine,89514
281,Alikee,Gambēla,64858
233,Wittie,Qinglian,50306
625,Minetta,Kishorganj,80657
370,Marsiella,An Châu,65438
398,Manny,Shabo,82238
685,Hugibert,Qinshi,56213
312,Rorke,Itoigawa,17298
492,Hinda,Kalmar,66695
16,Doti,Kostrzyn nad Odrą,67243
56,Amery,Cumedak,73674
894,Brittan,Curibaya,80806
54,Elia,Beidajie,84275
685,Pren,Šmartno pri Litiji,42671
119,Nadiya,Nam Khun,64175
658,Gaspar,Tsirang,40911
120,Joya,Jining,49386
234,Thain,Kapuan,91146
227,Hyacinth,Al Jabīn,87869
510,Veradis,Maunuri,73385
676,Sam,Sinabang,47266
889,Wilden,Niyang,95098
31,Erinna,Butel,25714
889,Rikki,Amancio,29628
86,Corbin,Tungelsta,85971
220,Lindon,Dalmeny,59460
124,Roseline,Kyŏngsŏng,15842
511,Mandie,Boje,58259
548,Lorry,Banjar Penyalin,99527
808,Micaela,Laval,86482
91,Glenine,Murowana Goślina,52671
112,Raquel,Lue Amnat,88784
395,Hannah,Ekou,28617
98,Ernest,Krajan Joho,24919
285,Bastian,Dongke,64643
816,Rozalie,Kodamachō-kodamaminami,56217
277,Marika,Bangkok,69938
711,Willi,Hongch’ŏn,11898
960,Faustina,Épinal,73874
166,Abbey,Nazca,79281
301,Lammond,Bolilao,39859
872,Anne-corinne,Santa Teresa,49229
836,Lucien,Saltsjö-Boo,49800
549,Fae,Muslyumovo,15650
597,Adda,Enriquillo,80825
395,Ripley,Shajing,45410
682,Cobb,Antanifotsy,16641
303,Gerianne,Vyksa,71333
968,Corabella,Rakai,29898
618,Doralyn,Cikole,89532
855,Drusi,Shangfang,20093
266,Hazel,Sabóia,31395
452,Dalli,Daqiao,25620
255,Artemis,Zabrušany,38070
603,Frederic,Ténenkou,31194
411,Sadella,Solna,15926
503,Gabbie,Riangblolong,29910
895,Dewain,Stockholm,15901
288,Aluin,Mabamba,28330
960,Consuela,Verkhniye Kigi,40905
515,Mannie,Phimai,44362
912,Beale,Goworowo,91473
931,Clarie,Montpellier,39786
651,Nelia,Novosmolinskiy,92535
883,Averil,Donggu,76248
802,Morganne,Elista,18869
747,Ardenia,Cidamar,45375
345,Hatty,Shawnee Mission,72521
972,Shelia,Bradag,43927
10,Vernon,Sangmélima,76347
332,Bruno,Bengtsfors,23927
807,Lancelot,Nianqiao,10894
380,Ronni,Paombong,29364
792,Berkie,Kundung,38468
78,Maitilde,Duobao,30933
98,Delia,Tangban,81882
689,Gypsy,Hudson,31755
892,Adiana,Baiyin,38157
776,Aubrey,Eqbālīyeh,68887
378,Deane,Pantai,39549
889,Lindsay,Lapi,57197
107,Analise,Sampaloc,72736
630,Cozmo,Taldyqorghan,60417
517,Lura,Labinot-Mal,43211
369,Trueman,Thị Trấn Quảng Uyên,25928
110,Elga,Andres Bonifacio,98550
266,Maye,Yinghai,43699
869,Roselia,Kŭlob,64202
593,Lynde,Xipingle,65480
102,Marlyn,Kajiado,50932
1,Land,Alvesta,49495
123,Timothee,Ugba,55020
950,Binny,Santarém,75440
534,Torrin,Sindon,32044
477,Glory,Kamiennik,33820
877,Melita,Xinying,69366
920,Gratiana,Bandungan Timur,65774
544,Caitrin,Xinsheng,23971
436,Constance,Mahdalynivka,74215
626,Gertruda,Zhusha,33755
275,Orlando,Karapyshi,28360
549,Agathe,Zhongcheng,87985
160,Diandra,Madette,91697
448,Marylee,Blendis,72672
195,Chad,Sungaikakap,20550
764,Anni,Austin,28872
232,Alicea,Bantu,42901
640,Sapphire,Sloboda,21490
876,Imogene,Jbaïl,41573
46,Rusty,Ya’erya,81648
128,Daisi,Duncans,50225
909,Koo,Kostopil’,22445
482,Nikki,Guizi,82569
492,Carlin,Sol’-Iletsk,52488
667,Jeralee,Křížová,87908
189,Elfie,Kakan,53826
632,Matty,Forninho,48839
931,Eba,Kutao,83713
803,Emory,Al Manqaf,13822
366,Marissa,Bagikkedok Lauk,66438
898,Berny,Inanwatan,57078
613,Erick,São João del Rei,38361
647,Lynett,Allen,23179
168,Joline,Genova,10892
522,Joannes,Aragarças,33388
138,Ceciley,Buenavista,56646
169,Elisabet,Krzepice,24206
351,Inez,Shancheng,28486
886,Farra,Taihe Chengguanzhen,44440
174,Joceline,Wilkowice,16704
45,Jeannine,Banjar,75813
272,Rey,Zapala,77169
781,Jasmine,Mukařov,75056
519,Erastus,Campok,64570
208,Lucina,Pomar,54669
300,Hill,Tiron,73343
303,Reidar,Otun,44114
530,Blair,Pouso Alegre,90114
392,Benjy,Magitang,69476
230,Midge,Mahīn,55875
869,Hashim,Nioumamilima,16177
157,Dita,Dallas,32345
139,Hana,Muara,39114
754,Steffi,Vetluga,46078
455,Roderigo,Várzea Grande,89294
614,Merla,Urjala,42869
453,Annecorinne,Sacramento,57135
257,Maddy,Magangué,35272
20,Simonette,Chengbei,49232
356,Brew,Zerkten,83391
75,Riordan,Iksha,71812
777,Galven,Muravlenko,70398
49,Sara-ann,Malimaneek,29623
449,Jillie,Yanghuxiang,67425
748,Franky,Córdoba,19351
504,Filide,Pushchino,24957
758,Menard,Bělá pod Bezdězem,66476
398,Maryanne,Narsaq,38223
365,Jessey,Chengtang,81978
351,Theo,Orahovica,16386
120,Giulietta,Piritiba,48851
646,Seward,Guider,46028
409,Haskell,Al Ḩāmūl,44908
715,Abbye,Yurimaguas,52365
549,Caryl,Nashville,19381
141,Robbin,Portland,75090
632,Kyrstin,Changzhi,52705
440,Dyanne,Serzedo,30313
997,Teirtza,Idah,95629
187,Saundra,Soutelo,42635
71,Berton,Nanzhen,89431
849,Gabi,Pamplona/Iruña,29723
628,Dugald,Orocué,31103
853,Milka,Āsmār,55026
354,Cortney,Rauma,86096
890,Vittoria,Tacoma,47685
112,Delinda,Burns Lake,33302
174,Herbert,Mersa Matruh,58337
919,Kalil,Miharu,13970
666,Minni,Torsås,11157
822,Mignonne,Longbu,94423
88,Alexandra,Kaduranca,41164
709,Karol,Cuenca,77063
208,Tybalt,Miānwāli,80609
675,Griff,Wakapuken,22684
263,Mehetabel,Ongabelen,92132
518,Marcelia,Nicosia,21690
258,Artie,Bang Phlat,30012
426,Georgianne,Getengan,50238
101,Romeo,Tagkawayan Sabang,17253
228,Siegfried,Kyaikto,99034
696,Amanda,Amagi,96436
347,Dorrie,Alabat,95538
36,Daffie,Yên Lạc,96486
309,Cherilyn,Liwonde,12801
775,Melodie,Ülken,21475
150,Emory,Orange Farm,94802
806,Stefan,Sviblovo,47999
493,Isabel,Karangasem,70877
871,Ingrim,Sirinhaém,97061
387,Krissie,Dzhetygara,80397
16,Alejandrina,Semypolky,36252
272,Ardith,Gualmatán,87079
716,Alikee,Taurage,17418
663,Ludwig,Göteborg,81155
484,Lee,Springfield,24954
29,Baillie,Bharatpur,81197
618,Findley,San Luis,84095
100,Curr,Sidi Redouane,49678
510,Kalindi,Independence,73970
400,Alano,Xinjie,58693
245,Hyacinthe,Kusi,88013
692,Cammi,Quinua,70801
875,Verile,Cabricán,55949
287,Alanah,Drohiczyn,26634
674,Sayres,Barang,91744
371,Thane,Amapala,68450
778,Wallace,Forninho,33960
381,Ag,Hankazi,66668
928,Marielle,Puerto Rico,85546
841,Pollyanna,Štore,25512
417,Loren,Morong,92152
690,Johnath,Xialiao,85170
766,Lauri,Hongshan,22106
294,Latrena,Shawnee Mission,79318
543,Sayer,Jacobina,28735
315,Bessie,Buruanga,37048
824,Aurthur,Pasongsongan,83238
654,Doretta,San Pedro,65623
882,Saidee,Fort-de-France,43849
972,Conan,Las Higueras,63782
482,Berny,Bucu Kidul,41009
429,Evvy,Rolante,88891
276,Maybelle,Nkove,62452
749,Valma,Kotuń,45945
746,Spense,Tarica,70727
981,Blane,Kapchorwa,37044
245,Ulises,Tireman Timur,31888
494,Georgette,Tomohon,91610
284,Rici,Almirante Tamandaré,23166
59,Eugine,Drohobych,35795
394,Ame,Cipadung,81396
165,Edd,Duyanggang,31667
423,Luca,Yaojiaji,97256
438,Imogene,Gambiran,97665
691,Brodie,Austin,56205
43,Tova,Dagsar,60277
802,Eddi,Ojo de Agua,73585
821,Bianca,Xiugu,54719
769,Jeanelle,Presidencia Roque Sáenz Peña,45823
790,Elbertine,Kitaibaraki,87636
415,Cami,Sechelt,65814
166,Malcolm,Nancang,46403
817,Marney,Ferraz de Vasconcelos,85582
753,Brande,Tabon,82483
774,Hildagard,Las Lomas,72893
924,Shawna,Meybod,18760
935,Darla,Kameda-honchō,33189
443,Deni,Ånge,66408
318,Oriana,Tomigusuku,40948
520,Chrotoem,Portumna,70353
374,Franklyn,Qindu,43316
252,Hew,Hadayang,70067
834,Rodrigo,Gościeradów,41541
643,Lindsy,Ålesund,87318
9,Ewart,Brnaze,62077
243,Abagael,Sakaiminato,48019
107,Eveleen,Macau,23383
420,Addy,Neklyudovo,62537
845,Tammy,Bentiu,53104
927,Odo,Tinalmud,28210
146,Lynnett,Sesheke,16652
351,Lu,Krajan Alasdowo,14884
137,Georgeta,Pran Buri,81620
39,Willard,San Francisco,49492
425,Artemis,São João de Caparica,67642
861,Dianne,Pepe,79812
179,Sheilah,Sumberan,66896
234,Fanni,Tumpukrenteng,98767
101,Bartel,Shaxi,99948
959,Candie,Los Lotes,28011
692,Daren,Kpalimé,41684
168,Sheila,Tuhe,11182
668,Breanne,San José del Guaviare,88284
227,Gustie,Choujiang,41304
625,Gilberta,Daxindian,48547
994,Jeramey,Klatovy,59814
297,Helga,Mytishchi,74442
847,Enoch,Goričan,17131
557,Laraine,Mazhu,52674
345,Alvina,Łaskarzew,43483
45,Marisa,Cortiçóis,22068
230,Dionis,Yangdang,28863
947,Damian,Pego Longo,46741
472,Dallis,Betania,54167
915,Clyve,Hongdun,12938
17,Nanice,Jianshe,78596
620,Vanya,Grekan,13247
190,Erastus,Tokyo,92389
617,Meggie,Biyan,91198
69,Arlana,Chaguaramas,54401
957,Kristina,Acherítou,59322
357,Euell,Geputan,28216
462,Sibeal,Chengdong,93327
607,Trueman,Killumney,27860
491,Osbourn,Yonezawa,58103
4,Marijn,Maksatikha,27178
87,Rhodia,Caibarién,95761
926,Georgeanne,Valcheta,97223
524,Rachael,Fontem,65736
428,Danita,Anwen,45977
870,Astrix,Duancun,76872
779,Rahel,Obo,60521
606,Ramon,Zlaté Hory,93645
164,Kevyn,Bayt Ūlā,69005
626,Victoir,Reims,85757
459,Herold,Piteå,83751
943,Vinni,Xinglong,44008
157,Ofella,Kentongan,13262
21,Von,Dolní Bečva,48303
402,Rosamond,Wuyun,82499
226,Sula,Concordia,81883
928,Jareb,Tamatam,48713
39,Mattheus,Strasbourg,80845
856,Gracie,Fermoy,83120
509,Martynne,Xitianwei,12467
153,Sioux,Chengxi,88396
941,Talia,Kota Bharu,27632
444,Hope,Marne-la-Vallée,45869
262,Salli,Capitán Bado,54162
873,Friederike,Kediri,80774
15,Rasia,Potosí,91555
232,Dani,Wādī as Salqā,29370
692,Gilles,Ebu,34683
894,Quill,Vichuga,43171
829,Stanislaw,Cikujang,69468
966,Vikki,Tha Maka,68667
25,Rosemary,Marathon,46979
290,Calhoun,Plagiári,75582
289,Dewitt,Balesari,13567
549,Uta,Sabaneta,51391
283,Margret,Jesenice,48488
221,Marji,Sundsvall,81402
750,Scotti,Hōjō,27887
731,Giorgio,Seremban,61489
1000,Rhonda,Hantara,43689
242,Eamon,Gomunice,33503
628,Darryl,Ladoeiro,39036
438,Abdel,Caen,91155
956,Balduin,Huanggang,42841
761,Robby,Barkol,15535
500,Hollis,Borino,20374
598,Guido,Gornyy,64893
388,Charles,Jiudian,38733
923,Lane,Wiskitki,99390
295,Mamie,Mentougou,67617
804,Monro,Simpang,71261
770,Shir,Mizque,86619
235,Renault,Salt Lake City,65133
478,Cathee,Babice,95864
301,Wilie,São Roque,30429
832,Billy,Medovene,61901
595,Velma,Bojong,61016
901,Hernando,Huangxikou,23652
331,Sherlocke,San Ramón de la Nueva Orán,37106
751,Cully,Pucyura,52425
46,Ofella,Escada,43813
519,Fidel,Noginsk-9,94575
534,Tadeas,Vavoua,57875
179,Dominica,Vila Franca de Xira,45587
141,Aggi,Mzuzu,87270
616,Audy,Mahdia,54821
95,Taber,Raffingora,94612
867,Thia,Balayan,91387
795,Darb,Pitrufquén,94193
854,Morrie,Compiègne,86993
822,Cullie,Bendo,13246
293,Job,Sekondi-Takoradi,12378
474,Hashim,Helong,66919
23,Carlye,Los Cóndores,20954
898,Klemens,Strawczyn,79031
150,Arron,Kongwan,86197
420,Gar,Sanxi,86223
667,Aggy,Basiong,86244
996,Sascha,Mumias,78002
669,Valentine,Leganes,88308
996,Nariko,Malian,92421
518,Anne,Paris 03,13153
876,Ellery,Las Flores,88618
862,Ester,Francisco Villa,87191
723,Zollie,Qo‘qon,43228
797,Lissie,Chapayeve,53223
288,Miguelita,Phayakkhaphum Phisai,84331
990,Danyelle,Comodoro Rivadavia,56879
328,Brocky,São Miguel do Guamá,69300
597,Katinka,Cuihuangkou,95882
438,Chickie,Pubal,10906
155,Cyrill,Kaliwates,10968
289,Corrinne,Guanqian,15696
867,Renee,Buturlinovka,95823
480,Monti,Mosjøen,85918
121,Cullen,Kalibaru,16557
531,Malchy,Mingshui,16585
23,Garrott,Lynn,34345
78,Fields,Huaguoshan,60061
494,Lilith,Kimaam,92808
699,Clarita,Qagan Obo,29414
460,Adrienne,Acajutla,81856
912,Cahra,Klumbu,34688
498,Jacinda,Billère,15178
645,Astrix,Xinhua,78060
53,Sutherland,Sete Cidades,77272
475,Tiffi,Qiligang,21568
168,Evelyn,Pongol,93639
645,Enrica,Cilebang Satu,14613
632,Humberto,Ntobo,65374
316,Agnella,Zhukovka,10875
543,Dar,Eguia,37157
336,Kailey,Zhirnovsk,68481
321,Carolyne,Arasji,74691
229,Nicki,Radovitskiy,12819
926,Kanya,Senadan,13341
778,Gusty,Hualmay,33685
210,Padgett,Sebulu,20909
42,Eugen,Chicago,40858
501,Cesya,Werang,41884
597,Kalila,Nuštar,50625
478,Mead,Huelkail,67790
945,Dorene,Novodmitriyevskaya,74950
881,Sherry,Monsanto,68774
938,Lloyd,Lichtenburg,22260
284,Bidget,Yanmenguan,87587
195,Krissie,Mỹ Tho,38716
244,Valaria,Dakhla,54735
245,Malorie,Conceição da Abóboda,21448
552,Cooper,Changpu,45052
898,Rici,Shangyong,77970
611,Audie,Sihanoukville,25816
460,Steffane,San Agustin,43312
642,Ursala,Trelleborg,40710
939,Stacey,Velingrad,60472
610,Connie,Lobanovo,14346
493,Marne,Shuangqiao,88031
862,Godard,Luchegorsk,16075
806,Dick,Ol’gino,73617
388,Cathyleen,Guadalupe,64425
296,Eadith,La Purisima,58033
413,Lilllie,Pengilon,17789
820,Othella,Faeanak Dua,65737
786,Janek,Mont-Tremblant,50985
645,Elisha,La Gi,39908
53,Celesta,Sinuknipan,27109
126,Alida,Guogan,98301
792,Sergio,Boshan,29753
603,Orville,Amuntai,77674
215,Barron,Krajan Caluk,30836
902,Toma,Hengxizhen,97388
684,Tildi,Maia,27620
739,Karalynn,Grojec,74241
623,Elaina,Jimeta,25314
72,Alisa,Stizhkivs’ke,36493
229,Zulema,Rogachëvo,71456
268,Rosaleen,Желино,36716
903,Nikki,Sidomulyo,66596
61,Rosette,Padangsidempuan,62224
745,Evangelia,Xuancheng,77622
744,Gerek,Pedreira,36593
414,Renae,Kladruby,29926
98,Ad,Nykvarn,99104
246,Kassandra,Jelcz,13702
85,Junina,Libas,92042
890,Darsie,Weiyanggong,89224
100,Early,Cuihuangkou,60989
342,Aubrette,Dimiao,58265
470,Viole,Zungeru,80783
479,Willdon,Capim Grosso,58107
707,Alwin,Nowy Sącz,82475
238,Nicki,Karangtalun,78589
953,Christiano,Krajan Gading,29436
1000,Hoebart,Mirów,62363
576,Ilse,Majengo,69578
876,Rosamund,Araçatuba,16342
430,Curt,Varazqān,39090
381,Malvina,Lanckorona,54344
411,Rene,Austin,28500
290,Gunter,Tempel,43184
292,Thorin,Xhafzotaj,80397
63,Broderick,Ussuriysk,83247
773,Gayelord,Xiantang,22084
214,Cortie,Semenivka,52147
757,Beniamino,Larvik,54381
202,Kent,South Bend,58088
735,Tammara,Kuala Lumpur,32022
972,Rozina,Huangsangkou,49896
509,Abbe,Malabar,85175
866,Waldo,Muyudian,59029
992,Karrie,Tombatu,41759
299,Nona,Jackson,30747
447,Leeland,Voronezh,25594
836,Joana,Kingston,59042
715,Annabelle,Siedlce,21869
741,Chalmers,Moses,83276
276,Valaria,Máncora,96362
306,Jami,Tanout,45901
103,Ozzy,Alor Setar,33461
954,Cristabel,Tanjungluar,53846
420,Aindrea,Gurupi,27670
409,Doreen,Jaru,68504
928,Dorise,Svalyava,50511
364,Ewart,Bent Jbaïl,74001
497,Randi,Stalbe,68562
469,Manda,Hewan,42385
274,Drud,Châlons-en-Champagne,74299
890,Sharron,Big Bend,66749
833,Edgardo,Sangzhou,73050
353,Norrie,Villefranche-sur-Mer,38236
973,Nanci,Świętajno,25451
61,Beale,Praia das Maçãs,91990
940,Sharleen,Uritsk,72201
747,Pavel,Šentvid pri Stični,31020
23,Fanny,Benito Juarez,65216
891,Norrie,Luján de Cuyo,78678
421,Burgess,Jingzhou,41577
300,Teodoro,Mora,89048
584,Frederic,Marechal Cândido Rondon,49870
802,Miller,Anicuns,77115
68,Marylee,Zouila,62712
402,Derrik,Cherkasskoye,60350
801,Binni,Pondokrejo Wetan,20643
855,Guillermo,Socorro,52115
191,Rena,Menongue,85358
517,Mano,Iquipi,51306
932,Margaretta,Duczki,33958
828,Lacey,Yushan,66235
147,Hubey,Lidingö,76055
11,Sydney,Mueang Nonthaburi,72478
132,Morgan,Zhongzhou,21250
323,Wayne,Pantalowice,57962
367,Ingaberg,Bentengjawa,72061
131,Gerek,San Jose,79357
472,Shina,Dietaisi,76103
206,Blayne,Zhiqing Songduo,91943
712,Gavra,Krasnaya Polyana,67217
337,Marena,El Soberbio,78750
250,Frannie,Pelabuhanratu,96747
256,Ferne,Gaosheng,68592
694,Patty,General Roca,94402
852,Hebert,Haumeni,88687
878,Glendon,Inabaan Sur,95097
137,Tulley,Savonranta,10859
46,Farlay,Mülheim an der Ruhr,86754
502,Betti,Horokhiv,76817
929,Ynez,Rayside-Balfour,68740
499,Goldy,Tuymazy,40418
545,Inesita,Nagrog,44633
179,Codi,Vellinge,51537
578,Elizabeth,Eman,43028
642,Norine,Sanhui,36817
531,Jaquelin,Ardee,63313
255,Lela,Teplice,49575
141,Dean,Ku‘aydinah,31121
71,Lorelei,Saint-Étienne,19500
372,Pammi,Zhajin,94905
15,Che,Sambong,39156
166,Darda,Alannay,38246
328,Collin,Quesada,52123
217,Aloin,Qingshan,39454
730,Tiphani,Dimovo,47988
414,Murvyn,Funza,37127
791,Nydia,Tsumeb,74030
117,Emery,Khuzdār,74673
417,Dottie,Kobayashi,21314
955,Nikolaus,Altanbulag,54798
707,Binnie,Hougaoshizhuang,96266
746,Zacherie,Wakema,52987
456,Honoria,Sinarbakti,29878
549,Darb,Bayanbaogede,45396
697,Marlo,Suphan Buri,82958
485,Saunder,Turze Pole,67760
224,Ki,San Justo,79673
728,Merrilee,Hoani,43362
159,Mason,Xiangfu,78804
752,Carmelita,Fukura,20468
707,Nina,Borås,30300
438,Winnah,Nanshi,74309
703,Mavra,Nenagh,39909
139,Giselbert,Pouso Alegre,78804
808,Andriana,Darungan,30748
725,Kori,Tomsk,32834
920,Ignazio,Al Balyanā,41423
615,Orelia,Maskinongé,40173
249,Rosemarie,Lékhaio,82135
708,Rennie,Shiki,41162
235,Lissi,Kutorejo,38219
458,Lonnie,Celorico de Basto,72025
645,Ora,Prigrevica,14462
78,Jerri,Kota Ternate,41375
330,Hayley,Mataquescuintla,46546
47,Kathe,Pshekhskaya,78042
640,Jasen,São Joaquim,58988
154,Adan,Dorchester,85163
960,Birgit,Sumberrojokrajan,17496
702,Dorolice,Vitarte,15710
347,Kingsly,Kargasok,14168
836,Richie,Velké Hoštice,36046
320,Alisha,Ngozi,98497
970,Eve,Rasshevatskaya,50458
567,Kennedy,Tundagan,83441
80,Elenore,Kuala Tuha,16827
604,Jessamine,Shiziling,77798
821,Art,Jackson,51173
886,Viviene,Zhongtong,30116
314,Teressa,Issad,17941
535,Abby,Baitouli,74180
868,Sayres,Radenković,18598
76,Christie,Kiikala,66467
522,Fleur,Zarrīn Shahr,72518
593,Terri,Kuafeu,86978
87,Pacorro,Randudongkal,78783
587,Deonne,Perehonivka,50056
956,Dode,Krasnyy Yar,75402
873,Tod,Pulopaya,71389
73,Carmel,Hamburg,75075
432,Donia,Jiang’an,99788
662,Shandra,Mullsjö,31648
632,Jon,Mardakyany,69164
990,Codie,Az Zabadānī,53063
819,Leelah,Santa Rosa del Sara,81661
617,Hannis,Sanmiaoqian,17006
106,Adrianna,Jianping,24753
567,Illa,Bayt Sīrā,49465
196,Betta,Dipayal,60819
886,Vernor,Fresno,35033
802,Maggee,Siyang,95822
530,Tiphani,Odolena Voda,65528
141,Suellen,Solok,89538
211,Daniela,Lai Lai Bisi Kopan,15678
657,Hedwig,Malbug,45353
643,Amber,Ar Ramthā,76151
240,Bobbye,Abomey-Calavi,74053
588,Page,Hamhŭng,29274
903,Lemmie,Subaykhān,87033
911,Pebrook,Yuanqian,20896
137,Rosemonde,Chuantang,59059
551,Carry,Satis,42119
365,Tressa,Freire,46344
996,Zitella,Haymā’,36562
406,Hermon,Boquira,71138
123,Nissie,Itatiba,49958
270,Vivien,Järfälla,44432
396,Lucita,Zhoujiaba,37143
344,Cullan,Beberon,18171
767,Daffie,Dawan,16139
166,Sullivan,Zaliztsi,78470
140,Donnell,Dashu,31543
333,Caryl,Paiisa,18766
126,Frants,Xiaoguan,10936
144,Sisile,Bāmyān,94338
540,Denys,Colendra,68992
203,Ruben,Qasr Abu Hadi,83187
299,Ardine,Camlachie,21442
883,Melesa,Port Saint Lucie,97170
726,Dotty,Elekmonar,14481
255,Roby,Antiguo Cuscatlán,97144
888,Di,Mamali,87626
38,Sharia,Yonghe,52378
567,Kate,Antaparco,33228
717,Ty,Ruma,72212
341,Candi,Śliwice,42571
590,Jordana,Kihancha,88925
123,Iver,Abū Zabad,38499
35,Gannon,Olejet,13742
462,Fara,Yanagawa,28997
560,Georges,Palaió Fáliro,13447
686,Ned,Las Tejeras,27042
612,Valerie,Bełżyce,72494
991,Florette,Phu Kam Yao,52943
385,Noelyn,Petit Valley,84465
416,Aldus,Kesambilerenkrajan,50328
560,Netti,Neebing,94862
525,Ab,Keda,59067
41,Shirline,Karanganyarkrajan,62860
174,Serge,Réo,89600
808,Fletcher,Āqchah,96137
478,Kermie,Ronggui,85343
880,Obediah,Pulong Gubat,33031
751,Baryram,Panyingkiran,63276
39,Barny,Pitai,76597
387,Costa,Lampa,36434
851,Buffy,Xarsingma,95934
721,Berri,Perelyub,17506
653,Langston,Los Arcos,84743
980,Allison,Loreto,74092
736,Deeyn,Gaoshan,27190
959,Miran,Caucagüito,49479
99,Ramonda,Stamford,79094
165,Casi,Renchaoxi,12472
632,Grove,Pedrogão,17659
357,Daryl,Phitsanulok,95315
950,Caron,Presidencia Roque Sáenz Peña,61276
787,Emeline,Psary,20081
621,Kalil,Baoxing,79448
270,Gwendolyn,Ādilpur,21717
137,Wilmette,Viñales,39578
387,Codi,Kawagoe,26744
142,Layne,Thoen,17253
157,Tabbie,Ban Talat Bueng,34097
156,Jacquie,Kuzhuping,83424
900,Chrotoem,Pianling,75472
501,Viva,Kaloyanovo,29265
426,Laurice,Pinhal de Frades,41576
878,Donal,Magepanda,18394
774,Ofelia,Laojie,45186
101,Hunter,Singida,68073
669,Bill,Jiangtun,65401
